DBO.P	SSV.E	DQO.E	SS.E	SSV.P	SS.P	COND.E	SSV.D	SED.D	SED.P	PH.D	SED.E	SS.D	DQO.D	PH.P	PH.E	DBO.E	COND.P	ZN.E	DBO.D	rfextract
206	69.1	451	194	61.8	220	1249	77.4	0.3	4	7.7	4.5	124	282	7.7	7.7	206	1219	2.5	111	class1
173	67	478	230	62.5	192	1410	71.2	0.4	5	7.7	5.5	104	412	8.1	7.9	189	1406	0.7	172	class1
162	57.4	329	188	63.6	132	1300	81.8	0.2	2	7.6	2.5	88	243	7.6	7.6	146	1324	3.5	109	class1
164	58.9	512	214	71.9	256	1605	88.6	0.4	5.5	7.7	5.5	70	320	7.7	7.8	177	1599	1.5	118	class1
275	61.1	447	252	57.4	216	1533	73.3	0.5	6.5	7.4	7	90	269	7.4	7.4	250	1501	1.2	138	class1
219	57	431	214	58.1	248	1591	65.9	0.4	5.5	7.5	7	88	376	7.5	7.6	182	1473	3	175	class1
153	55	333	240	67.4	184	1087	85.4	0.4	4	7.5	3.8	82	194	7.5	7.5	138	1109	8.5	108	class1
202	69	389	168	72.1	272	1240	78.3	0.3	6	7.8	3.5	92	302	7.8	7.6	179	1381	1	148	class1
243	64.9	464	228	64.7	272	1431	81.8	0.2	7.5	7.8	4.6	88	319	7.6	7.9	198	1606	1.4	177	class1
132	76.5	349	136	74.5	188	1063	69.4	0.4	2	7.8	2.5	98	317	7.8	7.8	95	1139	4.25	123	class1
220	69	374	168	69.9	246	1042	75	0.2	4.6	7.6	3.1	112	299	7.6	7.6	160	1057	3	126	class1
218	66.7	506	204	66	212	1692	81.8	0.2	10.5	7.9	6.7	88	355	8.3	8.2	233	1614	0.7	188	class1
178	70.5	396	176	70.2	188	1265	77.8	0.2	5.5	7.8	4	90	368	8	8	166	1380	2	165	class1
205	67.4	455	184	68.1	188	1224	77.8	0.2	5.5	7.7	4	90	333	8.1	7.9	120	1217	3.5	168	class1
195	75	427	192	74.6	236	1426	80.8	0.4	7	7.7	4.5	104	334	7.7	7.7	208	1375	1	186	class1
152	67.8	353	174	76.5	162	1315	74	0.8	3	7.7	4	100	270	7.8	7.8	196	1322	2	127	class1
210	72	419	186	71.2	208	1310	72.9	1	4.5	7.9	0.4	118	341	8	8.2	194	1333	1.2	157	class1
226	74.1	424	170	71.9	356	1406	78	0.5	4.5	7.7	4	118	352	7.7	7.8	193	1324	1	187	class1
220	68.4	490	190	69.6	224	1392	80.4	0.4	6	8.1	5.2	92	363	8	8.1	206	1505	1.5	178	class1
160	67.9	298	162	68.1	188	1241	74.5	0.7	4.5	7.7	4	110	278	7.7	7.7	192	1243	2	118	class1
230	65.5	518	220	71.3	202	1617	81.6	0.2	4	7.8	5.5	76	364	7.9	7.8	232	1593	1	155	class1
225	74.2	466	186	81.8	176	1220	87.2	0.2	4	7.5	4.5	94	314	7.5	7.6	199	1208	1.2	139	class1
204	70.8	374	192	71.1	184	1494	82	0.5	4.5	7.7	6.5	100	259	7.8	7.9	190	1462	3.5	121	class1
199	74	431	200	78.3	184	1302	75	0.4	4.7	7.6	5	96	269	7.7	7.8	202	1307	3.5	124	class1
232	68.9	526	212	75	240	1542	83	0.2	5.5	7.8	4.5	106	411	7.8	7.8	227	1583	4.5	172	class1
184	67.1	401	158	69.8	172	1292	74.5	0.7	3.5	7.8	4	102	345	7.8	7.8	170	1413	1.7	167	class1
180	69.7	338	132	68.8	160	1332	72.3	0.6	2.5	7.7	2.7	94	319	7.7	7.7	155	1366	1.75	152	class1
145	77.8	345	162	73.5	166	1432	85.1	0.5	3.8	7.6	3.2	94	302	7.6	7.7	148	1415	1	137	class1
200	68.4	420	158	68.8	160	1260	70.9	1	3.5	7.8	2.5	110	376	7.7	7.7	179	1256	4.5	183	class1
174	60.6	416	188	69.9	166	1301	69.8	0.4	3.5	7.6	4.5	106	368	7.6	7.6	178	1267	2	164	class1
228	45.2	583	504	42.2	436	1016	68.4	0.5	7.5	7.5	7.3	76	236	7.5	7.5	246	1079	3.5	85	class1
206	49.3	476	300	50.8	252	1636	72.2	1.3	3.5	7.9	3.7	108	394	8	8.1	202	1579	10	186	class1
231	58.1	407	172	54.8	248	1379	72.2	0.7	4.6	8	2.5	108	379	8	8.1	177	1454	2	188	class1
183	51.9	381	216	56.4	220	1415	78.9	0.2	3.5	7.7	3.5	76	246	7.8	7.8	198	1453	1.2	123	class1
144	58.5	281	164	53.1	192	1075	70.5	0.4	2.5	7.8	2.3	88	233	7.8	7.8	161	1068	1.2	118	class1
158	62.5	336	192	56.5	184	1320	63	0.3	4	7.6	5.5	92	198	7.8	7.3	156	1327	2	79	class1
234	25.5	457	1004	25.4	1384	1218	65.7	0.3	35	7.7	24	140	323	7.8	7.9	189	1257	1	156	class2
233	61.9	500	252	49.4	348	1512	68.6	0.3	7.5	7.8	4.7	102	327	7.8	7.9	215	1427	1	147	class1
224	65.6	578	256	53.6	276	1510	64.7	0.3	6.5	7.7	5.5	102	319	7.6	7.6	225	1486	1	119	class1
352	54.5	533	264	46.5	344	1361	51.3	1.5	6.5	7.5	5.5	160	361	7.4	7.4	316	1453	1.5	190	class1
361	58.9	504	292	51.1	352	1109	65.6	0.8	7	7.8	6.5	128	256	7.8	7.8	238	1113	0.6	147	class1
297	35.9	324	362	32.8	804	1093	53.2	0.6	13	7.9	5	124	204	7.7	8	125	1086	2	84	class1
416	53.4	404	232	43.4	544	1310	61.4	0.4	11	7.7	5	114	299	7.8	7.8	199	1366	1.2	143	class1
160	22.8	259	456	26.7	584	1007	47.6	0.5	7.5	7.6	4	126	176	7.6	7.7	138	1039	3	101	class1
245	52.8	396	216	47.6	328	1282	56.7	0.3	5	7.7	3	120	244	7.8	7.7	198	1321	1.5	109	class1
364	63.6	465	214	50.5	388	1308	70	0.4	7.5	7.7	5.5	100	261	7.6	7.5	319	1344	1	143	class1
259	62.7	444	236	50	440	1400	59	0.3	10	7.6	4.9	122	246	7.7	7.6	236	1439	6	140	class1
269	57.3	433	300	50.5	436	1395	68.5	0.3	11.5	7.9	7	108	294	7.9	7.9	192	1335	8	138	class1
265	53.7	488	268	57.5	348	1212	79.5	0.2	8.5	7.7	5.8	88	306	7.9	7.7	211	1274	8	151	class1
188	64.1	402	184	63.3	218	1127	77.8	0.2	3	7.5	2.8	90	233	7.5	7.5	200	1140	1.2	122	class1
212	31.5	667	1016	36.4	572	1478	57.4	0.2	12.5	7.9	22	108	210	7.8	7.7	257	1422	7	135	class1
198	65.5	456	232	55.6	216	1262	57.1	0.2	4.5	7.9	5	84	266	7.8	7.8	183	1247	1.2	107	class1
196	62.5	380	192	55.6	216	1339	70.6	0.1	6	7.8	4.5	68	270	7.8	7.9	183	1403	0.7	128	class1
210	61	372	164	64.6	192	1623	72.9	0.1	3	7.8	3	74	278	7.8	7.7	185	1508	0.8	124	class1
292	67.9	436	218	67.2	238	1095	80	0.2	5.5	7.5	6	80	284	7.6	7.6	285	1149	1	160	class1
213	60.4	588	328	60.3	272	1392	70.7	0.8	6.5	7.8	7	116	344	7.7	7.7	257	1432	3	174	class1
328	66.1	467	224	62.8	312	1409	77.3	0.2	9.5	7.9	6.5	88	338	7.9	7.9	268	1376	1.2	152	class1
213	67.4	357	172	62.3	212	1160	80	0.3	5.5	7.7	4	80	255	7.7	7.8	189	1232	1.4	123	class1
211	61.8	388	204	64.5	214	1026	76.7	0.2	5	7.5	4	86	222	7.5	7.5	312	1020	3	111	class1
291	54.4	299	180	65.4	324	1615	60.4	0.2	3.5	7.9	2.5	96	265	8	8.1	243	1630	1.5	166	class1
258	61	447	164	53.1	256	1177	69.8	0.2	5	7.9	5.5	86	285	7.7	7.7	215	1207	0.8	141	class1
226	62.5	356	192	55.6	288	1434	71.4	0.1	10	7.7	7	84	257	7.9	7.9	191	1427	1.2	130	class1
190	59.3	274	162	58.4	178	937	76.9	0.1	2.8	7.8	3	78	212	7.9	7.9	283	944	1.2	117	class1
429	61.3	529	248	65.5	220	1179	63.8	1.5	5	7.8	6.3	138	337	8	8	216	1294	0.6	140	class1
319	57.4	468	202	58.9	292	1525	55.7	0.2	7	7.8	4.5	230	353	8	7.8	163	1587	0.7	146	class1
409	65.7	532	210	58.9	224	1535	65.3	0.2	6	7.8	5	98	360	7.6	7.7	431	1561	0.8	210	class1
182	63.5	404	192	61	210	1056	76.9	0.4	4.5	7.7	3.5	104	243	7.7	7.8	174	1064	1.5	140	class1
287	57.6	376	184	45.8	236	1226	73.8	0.2	3.5	7.8	4	84	255	7.7	7.7	327	1223	2	102	class1
163	30.4	238	316	29.1	344	1079	63	0.2	4	7.6	3	92	214	7.7	7.6	184	1113	1	122	class1
182	32.9	234	292	32.6	344	1140	52	0.3	4	7.9	3	100	218	7.8	7.8	159	1125	3	111	class1
190	55.6	330	180	60	200	1376	76.3	0.3	2.5	7.9	3	76	260	7.9	7.9	275	1392	1	118	class1
159	57.7	302	208	60.9	276	1160	77.5	0.2	3.5	8	3.3	80	233	8	8.4	134	1201	1.2	116	class1
210	46.5	188	172	46.9	192	940	78.9	0.1	2	7.7	2.5	76	176	7.7	7.6	132	924	0.7	102	class1
133	45.5	297	176	44.2	172	1140	61.9	0.3	1.3	7.9	1.5	84	246	8	7.8	132	1072	1.2	98	class1
133	56.8	288	162	63.2	152	1050	77.1	0.2	2.5	8	2.3	70	220	8.1	8.1	133	1116	1	97	class1
153	48.2	488	456	49.2	252	1147	67.4	0.4	4	8	11	92	248	7.9	7.9	224	1224	2	110	class1
190	71.9	395	178	71.8	156	1038	72.5	0.7	3.5	7.7	3.5	102	281	7.8	7.9	200	1063	2	127	class1
97	38.1	241	236	33.9	248	1179	57.1	0	3.5	8	4	70	190	8	7.8	87	1231	5	78	class1
161	37	336	330	37.9	264	1234	75	0.7	5.5	7.9	6	80	316	8	8.1	132	1327	1.5	126	class1
198	58	321	176	58.3	192	1335	78.9	0.3	4	7.7	3.5	76	281	7.8	7.7	175	1418	2	141	class1
228	64.1	348	156	65.1	252	1340	78.2	0.7	5.9	7.9	3.1	110	329	7.9	7.9	162	1398	2	135	class1
181	53.5	317	180	59.7	268	1362	71.2	0.5	4.6	7.6	3.5	104	285	7.9	7.9	135	1417	1.75	114	class1
109	77	325	122	93.5	124	1026	96.9	0.4	3.7	7.8	3.5	64	227	7.9	7.9	91	1063	1.5	81	class1
238	41.7	725	350	42.1	428	1265	47.2	0.4	7.5	7.8	5	106	306	7.8	7.8	210	1262	3	136	class1
189	62.2	219	148	60.3	146	1530	76.9	0.3	2	7.5	3	78	192	7.5	7.5	184	1553	1.4	92	class1
89	68.9	298	116	70	120	1119	81	0.2	2.3	7.7	2	74	250	7.7	7.5	89	1103	1.2	79	class1
295	66.7	382	174	73.6	212	1205	75.6	0.3	5.5	7.8	7	90	312	7.9	8.1	155	1319	1.2	147	class1
192	69.3	350	150	75	160	1304	75.6	0.2	2.5	7.7	3	82	312	7.8	7.8	159	1206	0.7	166	class1
127	39.4	133	142	46.5	172	860	67.7	0.3	1.8	7.6	2	62	124	7.6	7.5	75	838	15	73	class1
148	61.3	264	124	52	150	1087	61.8	0.3	3	7.8	2.6	68	232	7.8	7.7	181	1047	0.6	122	class1
207	56.3	356	206	53.2	222	1300	69.7	0.3	3.5	7.9	4	66	184	7.9	7.9	254	1347	1.5	91	class1
308	50	556	184	51.5	194	1278	71.8	0.2	3	7.8	3.3	78	216	7.8	7.8	355	1376	1	122	class1
279	48.1	444	324	43.2	380	1319	77.8	0.4	6	7.9	6.5	90	347	7.9	7.9	262	1362	1	161	class1
286	71.2	549	236	67.1	280	1397	69.6	0.4	8	7.8	4	112	416	7.9	7.8	237	1368	3	176	class1
372	64.4	348	174	75.8	124	1110	78.8	1	2.5	7.4	3.5	104	364	7.6	7.6	238	1105	2	172	class1
164	57.4	398	188	58.8	204	1179	64.5	0.1	4.3	7.3	4	62	204	7.3	7.3	137	1164	1	81	class1
151	27.7	436	476	28.8	416	1603	56.4	0.1	5	7.8	4.5	78	269	7.8	7.6	131	1479	3.5	114	class1
161	53.8	391	156	58.1	172	1358	72.7	0.3	3	7.9	3.5	66	285	7.8	7.7	156	1412	0.9	116	class1
135	46.8	304	222	55.2	250	1087	72.9	0.2	3.5	7.8	3.5	96	260	7.7	7.7	135	1143	2.5	107	class1
194	58.1	416	248	63.5	252	1330	71.2	0.2	4.5	7.8	5.5	104	304	7.7	7.7	189	1931	2.5	114	class1
253	63.8	532	282	61.5	296	1444	75.6	0.2	5	7.8	5.3	90	320	7.6	7.6	215	1437	1.75	120	class1
242	29.5	614	692	31.8	716	1589	23.8	0.2	9.5	7.7	8	244	246	7.7	7.7	235	1632	2	94	class1
221	46.3	452	320	47.4	388	1160	73.7	0.2	5.5	7.7	4.5	76	216	7.7	7.6	166	1137	1.5	87	class1
161	49.3	369	284	44.9	312	991	62.2	0.1	4	7.3	4	90	198	7.5	7.3	139	986	2	87	class1
197	51.3	394	226	47	302	1324	65.2	0.2	4	7.7	5.5	92	257	7.6	7.6	172	1306	1.3	119	class1
265	53.1	324	226	53.4	236	1390	69.4	0.2	4.5	7.6	4	98	179	7.6	7.6	268	1389	1.7	110	class1
149	50	200	176	51.2	172	859	65.8	0.2	2	7.6	3	76	178	7.6	7.6	176	860	6.5	90	class1
193	57.3	243	164	55.8	208	1095	76.7	0.3	3	7.6	3.2	86	165	7.6	7.6	146	1089	5	68	class1
235	31.6	400	564	28.6	798	1554	48.3	0.4	11	7.6	7	120	151	7.6	7.6	148	1515	3.6	49	class1
241	39.8	246	186	25.3	300	1288	37.2	0.2	4.5	7.7	2.5	86	202	7.7	7.7	123	1328	2.42	101	class1
161	62.7	410	204	57.8	256	1490	68.2	0.3	4.5	7.7	4.5	88	251	7.7	7.7	133	1421	0.9	69	class1
300	57.3	388	178	53.3	240	1620	69	0.2	4.5	7.7	4	84	243	7.6	7.5	237	1571	1	113	class1
110	55.7	380	244	60.2	196	1453	72.4	1.5	3.5	7.8	5	116	204	7.8	7.8	199	1430	1.14	104	class1
396	53.3	941	304	57.5	320	1454	67.9	0.2	7	7.8	6.5	106	243	7.8	7.8	214	1528	3.4	107	class1
212	56.8	681	370	64.4	348	1396	77.3	0.2	6	7.6	6	88	350	7.6	7.5	438	1446	4	148	class1
284	67.5	282	166	65.1	172	950	76.8	0.5	2	7.8	2	112	259	7.8	7.8	255	965	1.95	164	class1
59	40.7	161	172	45.2	146	1350	63.5	0.1	1.1	7.9	2	63	114	8	8.1	64	1315	0.3	44	class1
86	20.3	152	364	19.9	412	1403	46.3	0.2	2.5	8	1.6	80	114	8.1	8	66	1383	0.35	49	class1
63	25.6	156	242	24.8	266	1400	47.6	0.2	1.9	7.8	1.4	84	112	7.9	7.7	48	1403	2.5	37	class1
150	39.1	126	138	38.9	180	882	59.7	0.1	1.9	8.2	1.4	62	100	8.1	8.1	69	902	2	53	class1
125	48.2	188	112	41.2	194	1031	61.1	0.2	2.8	7.9	1.3	54	101	7.9	7.8	70	1074	1.2	44	class1
74	43.9	206	132	57.1	112	828	64.5	0.1	1.2	7.9	1.5	62	158	7.8	7.8	95	856	1	47	class1
71	30.6	256	248	28.9	270	910	45.1	0.3	3	7.9	2.5	71	120	7.9	7.8	77	931	2	26	class1
85	64.6	197	130	61.6	146	1135	79.6	0.2	2.5	7.8	2	54	123	7.7	7.7	58	1169	0.3	44	class1
94	59.1	302	176	59.2	152	1120	64.5	1.2	2.5	7.6	3	107	316	7.6	7.5	95	1145	0.7	48	class1
100	65.1	470	172	64.6	192	1207	72.5	0.2	4	7.4	4.5	69	213	7.4	7.4	112	1208	0.27	74	class1
181	55.5	747	310	53	264	1059	65.5	1	4.7	8.1	6	110	353	8.2	8.2	145	1056	1.3	118	class1
232	76.5	354	162	71.3	202	1443	81.3	0.5	4	8.2	3.5	96	287	8	7.9	253	1455	0.4	162	class1
164	71.9	310	128	70.3	148	1520	80.5	0.2	3	8.1	3	82	237	8.2	8.2	154	1350	0.47	126	class1
286	73.7	345	152	74.4	156	1552	83.8	0.2	3.5	8.2	4.3	74	310	8.2	8.2	172	1500	1.2	140	class1
278	84.8	348	184	78	200	1337	89.5	0.2	5.5	8.3	4.5	76	264	8.3	8.3	181	1479	1.5	124	class1
178	75.3	387	162	79.5	156	1344	84	0.6	3	7.9	3.8	100	312	7.9	7.9	176	1331	1.02	155	class1
241	76.4	448	178	76.7	180	1325	77.8	0.5	4.5	7.9	5	90	226	8	8.1	236	1259	0.5	150	class1
148	57	294	186	61	154	1006	71.1	0.2	2.8	7.9	4	90	204	8	8.1	151	1000	1.8	94	class1
140	40.6	294	256	38.5	260	1456	55.6	0.2	2.5	8	3	90	172	8.1	8.2	139	1361	1.5	81	class1
117	62.5	220	128	55.1	138	1444	68.4	0.3	1.2	7.9	1.5	76	161	7.9	7.8	119	1493	1.58	91	class1
157	73.2	371	142	71.4	154	1440	90	0.2	4	7.9	4.5	80	197	8	8	111	1437	1.4	109	class1
235	61.2	310	170	51.1	270	1065	66.7	0.5	5.5	7.8	2.5	108	227	7.8	7.7	283	1100	3.4	110	class1
205	33.6	341	512	33.8	520	915	64.2	0.2	7.5	7.9	6	106	200	7.9	7.9	313	976	3.6	107	class1
375	45.1	610	452	43.9	556	1313	49.1	2.5	10	7.7	8	212	323	7.7	7.7	300	1312	6	150	class1
296	57.6	416	236	54.2	384	1447	66.7	0.4	7	7.7	4.5	108	270	7.6	7.7	192	1445	5.8	148	class1
123	38.5	237	234	42.1	228	1190	34.5	0.2	2	7.4	1.5	110	175	7.4	7.3	129	1202	1.97	73	class1
157	50	287	168	53.2	188	1906	58.7	0.2	2	7.8	2	92	198	7.8	7.9	122	2130	2.7	99	class1
110	66.7	271	144	70.7	164	1221	73	0.2	3	7.8	4.5	74	179	8	8	90	1209	1.3	78	class1
134	45.4	555	282	48.1	208	850	60.5	0.2	3.5	7.9	6.5	76	160	8	8	140	890	4.8	44	class1
170	47.6	243	210	52.2	138	848	75.7	0.3	1.5	8	2.5	74	133	7.9	7.9	155	858	0.8	89	class1
197	51	361	208	53.2	188	1015	60.5	0.3	4	8.1	5	86	204	8.2	8.2	157	931	3.5	93	class1
184	60.5	246	172	69.2	156	1631	72.1	0.4	3.8	8.2	3.5	86	165	8.3	8.4	195	1564	1.5	92	class1
177	52.6	269	156	52.6	152	1082	71.1	0.2	2.5	8	2.5	76	165	7.9	8.1	102	1180	3.7	68	class1
165	68.7	173	134	68.4	114	967	70	0.3	2	7.8	2.5	100	202	7.8	7.8	174	980	1.6	104	class1
154	13.2	211	880	13.7	1108	1745	44.1	0.4	7	8	5.5	118	111	7.9	8.1	109	1534	2.5	46	class2
115	17.8	284	518	20	460	1048	43.3	0.5	4	8	4	134	215	7.9	7.9	120	1046	3.5	92	class1
166	43.9	553	528	45	516	1105	59.5	1.4	8.5	7.9	7	158	265	7.8	7.7	275	1174	2.07	84	class1
192	75.8	337	132	68.6	204	1568	77.8	1.8	4.5	7.9	2.5	126	332	7.9	7.8	169	1526	0.8	137	class1
158	66.2	303	148	65.8	158	1069	86.5	0.4	3	7.9	2.5	74	248	8	7.9	168	1070	0.7	92	class1
183	73	391	148	69.4	170	1551	86	0.9	4	7.9	4.5	86	313	7.9	7.8	161	1505	2.5	151	class1
278	63.6	471	242	60.6	340	1158	73.6	0.4	6.5	7.9	5.5	106	277	8	8	202	1160	1.6	118	class1
98	49.2	180	122	45.9	122	990	62.9	0.2	1.8	7.6	2.5	70	180	7.7	7.7	72	986	1.7	61	class1
125	47.4	325	228	50.5	218	1229	57.4	1.3	3	7.8	3.5	136	368	7.7	7.4	183	1254	4.2	97	class1
159	60.2	447	196	60.6	188	1105	78.4	0.4	3.5	7.8	4.5	74	247	8.3	8.1	136	1120	0.62	114	class1
323	59.4	812	350	59.8	358	1512	70.7	1.2	7.3	8.1	0.7	150	412	8.1	8.1	227	1592	10	175	class2
170	79.5	401	156	73.2	224	1513	90.7	0.4	5.5	8.1	4	86	296	8.2	8.1	185	1593	6.25	149	class1
225	60.7	507	356	60.7	300	1672	76.6	0.4	8	8.1	9	94	293	8.2	8.2	240	1663	2.98	135	class1
252	75.5	469	212	70.7	246	1145	84.4	0.3	6.5	8.1	5	90	257	7.9	7.9	204	1186	7.6	154	class1
375	73.6	411	174	67.1	292	1339	78.4	0.5	8	7.9	4.5	102	319	7.9	7.7	254	1350	4.19	121	class1
264	76.1	351	134	73.2	142	1341	83.7	0.3	2.5	8.1	2.5	98	234	8.1	8.1	198	1300	0.8	138	class1
117	73.3	444	172	71.7	184	1658	83	0.5	4	8.1	3	94	315	8.2	8.2	127	1629	1.2	66	class1
220	77.8	600	216	74.5	204	1566	76.7	0.4	5.3	8.2	5	86	328	8.3	8.4	249	1583	3	161	class2
243	74.6	461	126	76.1	142	1113	78.3	0.5	2.5	8	2.5	92	279	8.1	7.9	228	1104	0.5	122	class1
285	70.9	524	158	66.7	186	1178	70.7	0.3	5.5	8.1	5	82	304	8.2	8.3	230	1217	0.8	117	class1
231	77.4	487	168	70.4	196	1353	86.7	0.2	5.5	8.1	3.5	60	341	8.1	7.9	203	1338	1.67	107	class1
207	73.6	531	220	65.3	288	1514	72.2	0.4	11	8	7	72	257	8.2	8.2	133	1535	1.5	92	class1
189	74	384	154	75.2	298	1260	80	0.3	6.5	8	4.5	80	273	8.1	8	131	1300	0.5	114	class1
182	65.8	332	158	67	194	1133	80	0.3	3.3	7.9	4	90	256	7.8	7.7	241	1148	0.9	118	class1
106	71.7	347	120	74.6	134	1385	88.2	0.4	2.5	8.1	2.5	68	279	8.2	8.3	113	1377	0.35	98	class1
222	70.3	434	128	71.9	114	1496	71.4	1	2.5	8.2	4	84	271	8.3	8.1	203	1533	0.35	134	class1
240	69.9	337	146	71.4	168	1146	78.3	0.4	4	7.9	3.5	92	302	7.8	7.6	224	1144	0.86	134	class1
273	72.3	470	166	75.5	196	1343	73.9	0.5	5	8.2	5.5	92	337	8.3	8.2	223	1362	1	161	class2
257	72.2	350	144	75	152	1233	97.7	0.6	4	8.1	5	86	300	8.3	8.2	346	1230	1	174	class2
221	76.6	545	188	73.9	230	1329	80.9	0.4	5	8.2	5.3	94	337	8.2	8.2	148	1354	2.7	152	class1
331	71.2	532	250	69.3	254	1379	73.9	0.4	6	8	6.5	92	299	8	7.9	319	1453	1.2	150	class1
268	67.2	594	256	67.2	238	1380	66.1	0.9	5.5	8.2	7	118	372	8.3	8.2	334	1400	2.6	180	class2
258	69.2	420	208	72.7	198	1474	71.1	3	3.3	8.1	6.5	152	309	8.2	8.1	311	1559	2.6	189	class2
282	84.2	591	202	80	210	1380	90.6	0.5	5.5	8.2	6	106	290	8	8.1	238	1372	0.96	153	class2
122	73.7	289	114	64.4	146	1103	77.1	0.3	2	7.6	2.5	70	242	7.6	7.5	122	1060	1.3	97	class1
140	55.7	295	158	54.4	158	1436	73	0.3	2.5	7.9	3	74	206	7.9	7.8	133	1448	4.1	92	class1
154	56.3	272	160	57.5	174	1543	74.4	0.3	3	7.8	2	86	295	7.9	7.9	142	1485	1.7	114	class1
145	67.6	510	136	66.2	148	1235	69.4	0.3	2.5	7.7	3	72	204	7.7	7.9	152	1266	0.94	75	class1
121	34.3	212	280	36.1	288	651	44.9	0.5	3	7.5	3.5	98	149	7.6	7.6	100	646	3.5	73	class1
84	32.2	204	180	34.3	198	940	45.9	0.3	1.5	7.5	1.8	74	125	7.4	7.3	80	912	3.7	45	class1
122	56.7	189	120	51.4	144	1200	66.7	0.2	1.3	7.6	1.5	54	203	7.5	7.5	94	1206	0.6	71	class1
175	57.3	297	164	53.1	196	1000	59.2	0.5	2.5	7.8	2.5	98	250	7.7	7.6	135	1040	0.23	99	class1
196	57.5	566	292	49.8	406	1268	72.7	0.5	9.2	7.9	7.5	110	327	8	7.9	175	1358	4.4	139	class1
218	62.7	538	284	63.3	256	1425	78.6	0.5	6.5	7.9	7.5	112	355	8	7.9	223	1441	3.2	153	class1
302	46.5	516	456	52.9	374	1335	74.6	0.4	9	7.8	8.5	110	352	7.9	7.9	222	1393	3.25	161	class1
201	61.3	516	248	55.4	314	1405	71.2	0.4	5	7.8	5	104	314	7.7	7.8	159	1340	1.74	127	class1
138	56.3	404	238	63	184	1049	69	0.5	2.7	7.7	4.5	116	265	7.7	7.7	153	1073	1.5	114	class1
136	45.6	376	272	45.3	296	1052	72.5	0.2	5.6	7.7	5.3	80	242	7.8	7.7	168	1063	0.76	97	class1
399	64.3	431	196	62.2	238	1219	74.4	0.2	6	7.9	5.5	86	310	7.9	7.7	250	1232	1.89	133	class1
293	68.6	421	204	64.5	248	1328	72.3	0.2	6.5	7.7	5	94	282	7.7	7.4	224	1341	2.5	119	class1
135	62.1	338	174	56.5	216	1035	79.4	0.2	5.5	7.7	5	68	244	7.7	7.6	122	1030	0.5	108	class1
216	54.5	459	286	46.2	342	1174	57.8	0.3	7.5	7.9	6.5	90	253	7.9	7.9	243	1202	3.9	123	class1
166	71.2	276	146	66	206	1265	72.6	0.9	4.5	7.7	3.3	124	176	7.7	7.7	156	1270	0.71	114	class1
213	73.3	473	210	68.8	224	1232	79.3	0.1	6	7.9	4.5	116	310	7.9	7.8	273	1257	0.56	170	class1
324	67.9	576	224	71.6	268	1300	73.9	0.4	5	7.9	5.5	92	306	7.9	7.8	312	1280	0.77	157	class1
397	75	492	176	68.1	238	1530	75	0.1	5	8.1	5.5	88	312	8.2	8.1	242	1612	0.76	148	class2
365	66.3	496	178	63.2	212	1329	78	0.4	5	7.9	4.5	100	304	7.9	7.8	173	1303	0.68	124	class1
255	78.4	455	278	69.2	182	1439	83.3	0.3	3.9	7.6	4.3	84	318	7.6	7.5	296	1436	2.2	131	class1
360	67.7	423	192	58.6	266	1164	70.2	0.6	7	7.9	6	94	314	7.9	7.7	269	1170	0.7	145	class1
328	72.1	506	222	68.6	242	1410	84.3	0.4	5.8	7.9	4.5	102	388	7.9	7.9	233	1366	4.07	201	class1
241	71.6	494	204	65.2	224	1187	84.3	0.7	5	7.6	5.5	102	341	7.7	7.6	237	1248	2.7	164	class1
232	70.8	539	212	67	218	1338	80.4	0.2	5.5	7.9	5.5	92	353	7.9	7.8	241	1403	0.6	160	class1
206	55.4	393	242	54.7	256	958	79.2	0.4	5.5	7.7	5.3	96	260	7.7	7.5	166	982	0.7	135	class1
199	70.7	453	198	70.1	214	1479	76.1	0.3	5.5	7.9	5	92	301	7.9	7.9	205	1530	0.4	130	class1
337	66.1	468	224	62.3	260	1475	75.4	0.3	6	7.9	4.5	114	320	7.8	7.7	212	1506	2.85	149	class1
160	61.8	428	220	55.7	244	1372	73.3	0.4	5.3	7.9	4.5	90	372	8	8.1	177	1335	9.6	138	class1
226	66.7	321	168	63	200	1026	80.5	0.3	3.5	7.8	4	82	226	7.9	7.9	270	971	1.98	100	class1
252	48.1	392	266	47.1	208	1156	78	0.4	3.5	7.9	6	82	238	7.8	7.5	161	1105	6.45	110	class1
167	50.3	388	322	61.9	210	1196	76.4	0.7	4.5	7.8	5.5	110	319	7.7	7.7	173	1171	9	149	class1
258	52.6	449	380	50.9	464	1306	77.3	0.3	7.5	7.9	6.5	88	292	7.8	7.7	183	1410	6.5	125	class1
130	40	170	180	40	310	810	65	0.3	3	7.5	1.4	80	124	7.5	7.5	69	827	1.8	83	class1
125	51.6	295	182	55.4	166	1400	81	1	19	7.8	25	84	225	7.7	7.6	115	1418	1.77	98	class1
138	54.8	105	208	52.5	236	1293	82.8	0.1	4.5	7.8	3.5	58	125	7.8	7.8	133	1347	4.2	91	class1
140	71.7	485	198	61.5	156	1535	76.7	0.1	4	7.7	3.5	78	283	7.7	7.8	151	1528	6.6	102	class1
154	81.5	351	108	64.8	182	1135	75.8	0.9	3	7.5	3	124	351	7.5	7.5	134	1115	2.92	123	class1
225	55.7	461	298	63.2	212	1340	76.2	0.2	5.5	7.5	5	84	307	7.6	7.6	179	1395	19.1	111	class1
159	68.8	396	154	67.4	184	1440	83	0.2	3.1	7.8	3	82	295	7.8	7.7	159	1520	3.7	105	class1
158	57.4	375	244	55.7	280	1413	81.3	0.7	6.5	7.7	4	96	282	7.8	7.7	146	1486	6.3	116	class1
229	58.3	604	288	60.4	222	1235	73.1	0.9	4.5	7.7	4.7	104	391	7.8	7.8	198	1330	2.6	144	class1
166	69.4	388	170	66.7	198	1147	82.4	0.2	3	7.6	4	68	208	7.7	7.6	177	1126	0.8	89	class1
182	59.8	545	254	61	248	1202	77	0.6	4	7.7	6	124	325	7.7	7.7	197	1218	5.7	120	class1
221	61.2	359	242	62.9	280	1315	62.3	0.7	7	7.7	4	138	294	7.7	7.6	149	1240	0.7	121	class1
192	65.3	472	242	58.5	236	1183	65.5	1.4	4.5	7.3	5	116	357	7.3	6.9	233	1165	1.6	124	class2
238	62	395	216	59.5	232	1367	58.8	0.3	3	7.5	3	102	263	7.4	7.3	185	1383	0.9	93	class1
124	67.1	318	140	69.1	136	1319	85.7	0.1	2	7.6	3	70	277	8	8.1	129	1320	1.5	101	class1
192	69	336	168	67	200	1531	80	0.1	3	7.6	2.6	80	265	7.5	7.5	170	1485	1.6	101	class1
137	62.9	295	178	53.4	236	1459	67.3	0.3	4	7.7	3	104	231	7.7	7.7	118	1442	1.75	103	class1
197	62	462	216	54.2	354	1315	64.4	0.3	8	7.8	5.5	118	307	7.8	7.8	181	1377	1	124	class1
218	61.2	467	242	55.3	318	1171	67.2	0.2	6	7.7	4.5	116	300	7.8	7.7	214	1205	0.58	132	class1
243	64	358	228	49.6	456	1224	66.7	0.3	9.5	7.9	4.3	112	272	7.9	7.8	181	1263	1.14	107	class1
257	62.4	416	218	50	416	1335	59.7	0.5	8	7.7	5.4	134	311	7.7	7.7	227	1350	2.22	156	class1
173	64.3	313	168	58.5	246	1019	64.5	0.2	5.9	7.7	4.3	124	183	7.7	7.7	146	1020	0.92	116	class1
227	66.7	591	264	52.8	500	1234	66.7	0.3	8.5	7.8	7.5	132	338	7.7	7.8	217	1219	2.5	135	class1
243	58	511	286	56.5	382	1326	71.7	0.2	7	7.8	6.5	106	323	7.8	7.6	219	1420	1	142	class1
185	61.5	353	218	58.2	244	1535	75	0.2	5	7.7	4.5	80	229	7.6	7.5	164	1489	1.25	107	class1
279	62.2	473	222	57.5	268	1309	78	0.2	6	7.9	4.5	82	299	7.8	7.8	231	1368	0.73	118	class1
163	53.4	392	232	54	274	1565	81.6	0.2	6	7.8	5	76	250	7.7	7.6	157	1517	0.36	103	class1
301	66	403	200	69.5	236	1592	83.8	0.2	4.5	7.7	5	74	288	7.8	7.8	196	1478	3.9	130	class1
217	62	438	200	62.6	214	1396	75.7	0.2	4.5	7.9	4.5	74	269	7.9	7.7	266	1423	1.2	137	class1
137	56.7	310	208	64.3	168	1134	81.3	0.2	2.5	7.6	3.5	64	212	7.5	7.3	133	1133	3.3	104	class1
207	57.9	404	190	59.4	212	1305	81.3	0.2	5.5	7.8	5.5	64	325	7.7	7.6	134	1341	3.2	109	class1
156	66.7	310	198	66.3	178	1560	89.2	0.1	3	7.7	5.5	74	248	7.7	7.6	178	1549	0.85	100	class1
216	82.9	380	164	80	190	1565	100	0.1	4.5	7.8	4.5	52	279	7.8	7.8	171	1589	0.45	119	class1
161	58.8	258	194	55.9	204	985	70.7	0.2	2.8	7.7	2.5	82	196	7.6	7.6	145	991	0.54	94	class1
219	61.7	316	188	59.6	218	1273	71.7	0.2	3.5	7.6	2.5	92	264	7.5	7.6	133	1322	0.47	69	class1
135	55.9	318	204	56.8	236	1615	75.7	0.3	4.5	7.9	3.5	74	198	7.9	7.8	152	1595	4.5	103	class1
117	38.4	272	266	40	290	1418	69.1	0.2	3.5	7.7	2.5	84	248	7.7	7.6	115	1385	3	75	class1
149	49.2	366	240	45.8	354	1344	60	0.2	7	7.7	4.5	110	220	7.7	7.8	135	1274	0.5	112	class1
167	51.9	424	366	50.7	304	1365	72.7	0.2	6	7.8	6.5	88	212	7.7	7.8	184	1384	0.4	75	class1
163	64.6	332	226	58.8	272	1219	76.9	0.2	5.5	7.9	5.4	78	192	7.9	7.9	170	1223	0.27	94	class1
142	55.5	464	274	53.5	284	1149	75.7	0.2	6	7.7	5.5	74	228	7.7	7.6	153	1165	0.88	82	class1
128	47.7	349	310	41	356	875	78.1	0.2	6	7.8	6.5	64	172	7.8	7.8	133	870	0.17	67	class1
180	57.5	442	268	64.2	302	1306	70.8	0.4	7.2	7.9	5.7	96	275	7.9	8	174	1316	0.25	121	class1
108	71.8	296	142	67.1	158	1494	91.2	0.2	3	7.8	3	68	250	7.8	7.8	117	1516	0.4	96	class1
182	70.1	400	136	65.2	178	1402	69.8	0.3	2.5	7.8	1.5	106	263	7.7	7.7	172	1417	1.6	123	class1
117	66.3	281	172	65.1	172	1520	68.9	0	2	7.6	3	90	221	7.5	7.5	124	1479	2.6	77	class1
113	37.2	171	172	38.2	220	732	67.4	0.1	1	7.5	1.4	49	113	7.5	7.5	150	731	0.55	42	class1
103	37.6	233	234	57	172	829	58.8	0.2	1.5	7.6	1.4	97	167	7.6	7.6	92	852	0.23	65	class1
105	66.2	268	154	64	166	890	64.9	0.2	1.5	7.7	1.7	97	157	7.5	7.5	138	880	0.62	65	class1
110	71.4	251	98	67.3	104	866	69.7	0.3	1.5	7.6	2	66	161	7.6	7.6	84	877	0.23	54	class1
153	60.7	375	178	59.5	168	1049	71.4	0.1	3	7.7	3.5	56	177	7.7	7.6	158	992	0.2	49	class1
131	68.5	310	146	71.1	166	1096	84.4	0.2	1.7	7.7	1.6	64	169	7.6	7.6	159	1083	0.1	98	class1
147	64.9	304	148	61.5	156	939	77.4	0.1	1.8	7.8	2	62	155	7.7	7.6	132	974	0.47	80	class1
163	82.3	307	124	70.6	136	1044	91.9	0.2	2.5	7.7	2.5	62	188	7.6	7.5	153	1039	0.2	97	class1
102	71.9	265	128	85	120	992	84.9	0.1	2	7.7	1.8	66	188	7.6	7.6	179	1012	0.13	88	class1
191	65.1	545	258	67.3	226	1260	76.6	0.1	3.5	7.5	4	77	244	7.4	7.3	200	1198	0.3	115	class1
236	65.6	588	192	73.1	268	2430	77.1	0.4	8.5	7.8	4.5	96	376	7.8	7.9	205	2280	3.5	158	class1
208	69	506	200	66.1	248	1865	78	0.6	6.5	7.8	5	100	463	7.8	7.8	172	1929	2	164	class1
266	61.3	446	222	70	240	1600	84.3	0.4	5	7.6	5.5	102	345	7.7	7.6	219	1645	1.2	172	class1
178	74	405	200	71.7	184	1856	78.3	0.3	3.5	7.5	4	92	302	7.6	7.7	156	1976	1.2	128	class1
252	49.4	389	308	49.4	308	1927	72.2	0.6	6.5	7.7	6	108	302	7.7	7.8	155	2150	3	121	class1
213	66.7	398	192	61.7	240	2240	78.6	0.4	6	8	4.5	84	287	8	8	145	2010	3	140	class1
219	67.8	460	180	66.1	236	1832	80	0.3	5.5	7.8	5.2	100	355	7.9	7.8	187	1920	3	190	class1
204	62.4	361	186	66.7	204	1651	69.8	0.5	5	7.9	3.2	106	345	7.8	7.8	149	1751	3.5	155	class1
200	72	433	186	75.9	174	1729	79.1	0.4	3.7	7.8	4	86	354	7.9	7.9	180	1820	1.8	127	class1
207	73.7	417	152	67.1	164	1608	76.3	0.4	4.5	7.8	4.5	76	321	7.9	7.9	156	1798	2	147	class1
242	27.4	330	562	30	680	1866	48.3	0.6	12.5	7.9	7.5	120	206	7.9	7.9	265	1858	1.4	133	class1
326	80.6	426	248	56.4	404	2310	65.8	0.6	7	7.7	5.5	146	280	7.7	7.6	202	2180	1	142	class1
386	65.4	471	208	64.8	216	2150	74.6	0.5	5.5	7.6	5.5	118	348	7.9	8	352	2320	1	198	class1
191	55.6	488	216	49.2	252	2440	72.7	0.2	5	7.9	6.5	66	304	8	8.1	187	2340	0.75	130	class1
180	54.8	382	168	56.5	184	1814	65.7	0.2	3	8.1	3.5	70	271	7.9	7.7	145	1820	1.25	113	class1
176	61.4	422	176	59.2	196	2200	63.9	0.3	3.5	7.7	4	72	274	7.7	7.7	176	2180	0.8	120	class1
101	46.9	341	256	47.9	238	2070	75.6	0.2	3	7.5	4.2	82	251	7.4	7.5	112	2430	4.5	95	class1
112	53.6	361	220	54.2	236	1790	64.1	0.2	3.3	7.8	4.5	78	239	7.8	7.8	144	1760	5	53	class1
152	44.8	326	268	54.8	208	1570	64.9	0.2	5	7.9	4.5	74	173	7.9	7.8	161	1640	12.5	76	class1
190	55.3	424	264	54.7	318	2270	66.7	0.4	5.5	8	4	90	250	7.8	7.9	189	2310	1	119	class1
166	43.4	388	272	48.1	262	1704	51.2	0.2	4	7.9	3.5	82	274	7.9	7.9	182	1731	2.5	110	class1
314	52.8	566	352	54.2	358	2540	89.7	0.2	8	7.7	8	78	304	7.7	7.7	290	2730	1	122	class1
265	56.4	641	376	58.2	378	1683	63.5	1.7	8	7.9	6	170	338	7.8	7.8	246	1724	1.2	132	class1
242	53.7	607	380	54.1	436	2160	45.9	1.8	8	7.9	6	164	353	7.8	7.7	244	2220	2	139	class1
259	64.7	400	232	60.6	284	1858	72.1	0.2	6	7.6	4.5	86	278	7.6	7.4	342	1907	1.5	133	class1
172	35.6	488	506	41.4	580	2590	71.4	0.2	7.8	7.6	6.3	84	267	7.4	7.5	191	2530	1.5	102	class1
173	46.2	391	260	52.5	244	2140	78.4	0.2	4.5	7.5	4.3	74	261	7.5	7.5	221	2090	0.4	112	class1
201	53.1	380	256	47.6	340	2040	73.1	0.2	8.5	7.9	5.5	104	278	7.8	7.8	139	2000	5	131	class1
135	27.2	366	500	32.3	620	3230	49.1	0.2	7	7.7	4.2	106	181	7.8	7.8	117	3170	3.3	81	class2
218	47.4	256	194	46.7	240	1831	59.2	0.3	4	7.8	3	98	198	7.8	7.8	158	1860	2.71	94	class1
225	59	315	400	64.9	376	2080	77.6	0.1	4	7.4	3.5	67	215	7.5	7.6	217	2090	0.4	131	class1
244	52.4	556	210	66.2	148	2340	75.3	0.1	2.5	7.4	4	73	205	7.5	7.6	208	2080	0.4	95	class1
220	45.6	459	364	41	346	2220	74.6	0.1	4.5	7.9	5.5	63	199	8	7.8	223	2300	1.2	85	class1
121	67	397	188	63.2	190	1950	72.1	0.2	3.5	7.6	5	68	190	7.5	7.5	126	1760	1	75	class1
205	64.8	276	142	56.1	278	1939	65.9	1	7.5	7.6	1.5	123	269	7.6	7.6	158	1878	0.4	102	class1
334	72.5	713	356	83.6	584	2170	84.5	1.3	8.5	7.9	10	116	372	8	8.2	339	2110	0.83	223	class2
227	69.2	550	214	67.5	246	1919	78	0.2	8	8.1	5.5	100	372	8.2	8.1	255	1917	2	161	class2
250	79.3	473	212	74.8	246	1990	82.1	0.2	6	8.1	7	112	384	8.1	8.1	253	1950	1	202	class2
337	74.5	539	188	75.2	218	1803	84.3	0.5	5.2	8.1	4.7	102	365	8.1	8.1	256	1732	1.7	186	class2
372	79.3	511	184	74.5	212	2110	78.1	1	5	8.1	4	128	396	8	8	330	2100	5.45	204	class2
282	77.6	539	196	72.6	190	2090	85.5	1	4.5	8.1	4.5	110	396	8.2	8.2	324	2180	5.9	203	class2
188	65.3	334	196	66	188	2230	78.4	0.2	4.5	8.2	7	74	210	8.1	8.1	168	2110	18.2	133	class1
392	76.6	484	308	75.3	308	1653	83.1	0.3	5.5	8.1	5.8	118	332	8.1	8.1	287	1640	1.5	155	class2
300	73	434	118	72.9	214	1727	66.7	0.9	4.5	8.1	5	114	317	8.1	8	201	1700	0.3	131	class1
156	68.8	364	154	49.1	224	1672	65.1	0.2	3.5	8	3	86	261	8.1	8	182	1750	2.5	136	class1
194	69.5	428	210	56.8	250	1835	67.3	0.2	3.5	8.2	6.5	104	289	8.2	7.9	195	1873	1.9	121	class1
161	69.6	457	184	61.4	228	1944	75.5	0.4	5.5	8.1	4	98	325	8.3	8.3	185	2050	1.7	109	class1
159	61.1	263	144	50.9	204	1665	82.5	0.2	2.5	8	1.5	80	208	8.3	8.2	139	1717	4.5	85	class1
198	55.9	318	118	62.7	134	1820	70	0.2	2	8.1	2.5	60	213	8	8.1	166	1779	2.3	95	class1
144	66.2	304	136	60.7	168	2050	88.2	0.2	3	8.2	2.5	68	243	8.1	8	138	2000	0.43	107	class1
312	65.8	447	152	62.7	204	1770	72.2	0.9	3.8	8.2	3.3	108	439	8.4	8.5	251	2880	0.48	192	class2
118	65.8	224	146	66.7	138	1758	70.3	0.2	1.4	8	4	74	106	8.2	8.2	147	1740	0.8	85	class1
261	63.9	324	166	68.5	146	1782	71.4	0.2	3	8	3.5	84	220	8	8.2	206	1830	0.14	105	class1
268	67.3	456	214	69.7	238	1586	81.1	0.2	4.5	8	6	74	260	8.1	8.1	233	1672	7.9	114	class1
197	70.8	419	178	70.6	218	2210	80	0.4	4	8.2	4.5	100	318	8.3	8.2	226	2150	3.45	141	class2
218	70.2	392	188	66.7	210	2790	78	0.3	4	8	4	82	267	8.2	8.4	195	2680	2.24	130	class2
221	71.2	427	208	70.6	204	1979	82.9	0.2	5	8.3	5.5	82	291	8.4	8.3	173	1955	2.7	113	class2
194	73.2	321	142	66.9	242	1681	75	0.8	7	8	3	104	274	8.1	8.1	148	1704	2.21	130	class1
289	78	572	200	74.2	240	2280	81.6	0.2	6.5	8	4.5	98	372	8.2	8.1	243	2340	0.6	166	class2
363	72.1	743	280	70.8	260	2390	76.8	0.3	7	8.1	6.5	112	408	7.8	8.2	316	2460	1.23	169	class2
357	75.4	702	244	71.1	304	2480	82.5	0.2	11.5	8	8.5	114	412	8	8.1	302	2250	2.1	194	class2
330	69.4	412	196	52.1	476	2190	61.3	0.3	7.5	7.8	4.5	124	274	7.8	7.8	177	2330	6	151	class1
172	68.3	327	126	77.8	180	1940	79.5	0.2	2.5	7.8	2.5	78	272	8.1	8	169	1950	1.25	106	class1
157	55.8	294	172	61.3	150	1983	61.5	0.4	2	8.1	3.5	104	207	8.3	8.3	192	1934	2.5	107	class1
217	60.3	334	156	64.2	162	1987	64.9	0.5	4	8.2	4	114	299	8.3	8.2	185	2100	6	121	class1
186	33.5	357	334	37.9	464	1760	54.5	0.5	6	8	3.5	110	230	8	7.9	115	1858	3.3	92	class1
137	55.7	318	194	55.3	188	1970	63.5	0.4	1.8	8	2.7	104	239	8.1	8.1	380	2080	1.41	99	class1
135	66.3	547	166	67.8	174	1667	74	1	4	7.9	6	100	333	7.9	7.7	156	1730	1.5	118	class1
277	68.4	416	196	69.6	250	1711	78.2	0.6	7	7.9	5	110	348	7.9	7.9	209	1774	4.85	138	class1
236	79.5	380	146	76.3	160	1949	90.2	0.6	4.5	7.9	4.5	82	328	7.9	7.9	170	1957	2.2	161	class1
130	73.6	289	182	68.7	134	1698	73.5	0.5	2	8	2.5	68	202	8	7.7	150	1718	3.3	76	class1
253	57	396	242	63.8	210	1879	66.7	0.7	6.3	7.9	6.8	108	341	8.1	8	173	1916	1.6	85	class1
214	69.6	443	184	71	186	1553	83.7	0.1	3.5	7.9	4	86	345	7.9	7.8	223	1670	2.5	181	class1
156	69.9	574	166	68.1	188	1563	78.9	0.5	4	8	4.9	76	337	8	8	195	1580	3.2	131	class1
312	72.8	546	184	74.7	182	2240	74.5	0.5	4.3	8	4.5	94	329	8	8	212	2160	2.57	169	class2
259	71.8	629	312	72	264	1823	78.8	0.6	6.3	8.2	7.5	104	374	8.2	8.2	257	1767	5.3	199	class2
259	68.3	486	240	68.2	352	1605	75.9	0.4	13.2	8.1	9	116	394	8.1	8.1	199	1684	8.2	168	class2
250	68.3	662	252	7.1	310	1734	78.8	0.6	7.3	8.2	6.5	104	346	8.2	8.1	222	1733	6.2	175	class2
305	70.6	490	170	67.2	244	1652	70.6	1	5.5	8.2	5	102	371	8.2	8.1	238	1643	2.6	135	class2
379	71.2	422	222	65	400	1733	82	0.9	10	8	5	122	346	7.9	7.8	230	1790	5.7	194	class2
449	71.9	459	228	71.1	298	1684	91.1	0.6	9	8	7.5	112	352	8	8	290	1746	2.5	187	class2
273	76.5	368	162	74.7	158	1854	86.8	0.4	4.5	8.1	4	76	308	8.1	8.1	231	1846	3.5	158	class1
159	66.7	434	126	67.9	156	2450	71.1	1	3	8.2	2.5	90	422	8.1	7.9	188	2680	0.65	139	class1
214	79.7	307	118	80	130	1697	77.1	1.2	3.5	8.2	4	96	295	8.2	8.2	166	1661	0.5	148	class1
211	75.3	493	162	72.8	162	1620	83.7	0.6	4	8.2	5.3	86	330	8.3	8.2	222	1746	0.7	140	class1
293	73.4	665	188	74	192	2200	87.5	0.6	5	8	6	96	304	8.1	8	272	2200	1.2	164	class2
244	71.3	592	216	72.7	256	1663	77.6	3.5	8	8.2	7.5	170	400	8.4	8.3	261	1685	2.5	163	class2
345	66.3	518	202	67.6	210	2350	83.7	0.5	3.5	7.7	3	98	355	7.8	7.7	185	2120	0.82	156	class1
209	69.6	486	184	69.2	214	1912	78	0.5	4	8	4.5	100	297	8	7.9	228	1867	3.1	145	class1
210	60.8	327	194	54.7	252	1725	68.3	0.3	6.3	7.8	5.9	82	233	7.8	7.7	238	1724	0.9	101	class1
126	61.1	323	190	54.4	206	2070	61	0.3	3	7.9	4.5	118	229	7.8	7.8	134	2050	2.1	85	class1
174	22.8	432	1228	21.3	1692	1889	66.7	0.5	46	7.7	36	90	227	7.6	7.6	179	1906	0.75	99	class2
239	62.3	546	308	53.3	420	1869	84.2	0.4	19	7.9	13	76	222	7.8	7.7	198	1893	1.5	81	class1
254	66.9	448	218	62	200	1842	75.5	0.3	5	7.9	5.5	90	312	8	7.8	290	1829	0.82	137	class1
194	62	412	216	61.5	234	1800	66	0.5	5	8	5	106	276	8.1	8.1	184	1770	6.36	116	class1
211	66.1	333	242	67.3	202	1960	87.5	0.1	4.5	7.7	4.5	80	274	7.6	7.4	167	2090	1.73	106	class1
127	57.7	412	208	60.8	194	1593	65.6	0.7	4	7.7	4.3	128	298	7.7	7.6	149	1710	1.1	96	class1
155	75	605	208	61.7	230	1672	75.6	0.1	5	7.5	5	82	308	7.5	7.5	182	1734	4	129	class1
195	64.3	432	224	67.3	208	2150	73.9	0.2	3.5	7.6	4	92	290	7.7	7.6	198	2100	1.8	106	class1
139	51	408	290	67.7	198	2150	75.5	0.1	2.5	7.6	4	98	290	7.7	7.7	115	2050	5.7	96	class1
129	49	253	200	50	256	2110	83	0.1	2.5	7.6	2.8	94	245	7.6	7.6	132	2060	2.4	106	class1
148	67.5	263	148	77.6	134	1645	89.3	0.1	1.7	7.6	2	56	198	7.5	7.5	188	1668	1.4	98	class1
128	73.9	273	138	75.6	172	1870	82.4	0.2	3.5	7.8	3.8	68	192	7.8	7.8	114	1929	0.2	80	class1
315	67.9	523	324	56.3	348	1817	66.7	0.2	9	7.8	7	84	297	7.6	7.5	277	1816	1.5	154	class1
206	57.9	330	190	55.1	218	1775	73.2	0.2	5.5	7.8	5.5	82	275	7.8	7.8	192	1782	0.72	117	class1
147	65.2	380	178	68.1	182	1668	84.8	0.2	3.5	7.8	4.5	66	272	7.7	7.7	140	1789	1.94	110	class1
180	56.3	439	256	53.2	316	2210	72.6	0.3	7	7.9	7.5	102	247	7.9	8.1	185	2070	0.25	121	class1
244	65.1	489	252	64.2	268	2110	68.2	0.2	5	7.9	4.5	88	303	7.8	7.8	235	2100	1.59	135	class1
148	61.9	348	194	65.1	172	1720	82.5	0.2	2.5	7.6	3	80	265	7.5	7.4	160	1729	3	105	class1
